,real 0 days 00:00:00,real 1 days 00:00:00,real 2 days 00:00:00,real 363 days 00:00:00,real 364 days 00:00:00,value
2015-12-31 21:00:00,,,,,,-20.7
2015-12-30 21:00:00,,,,,,-18.9
2015-12-29 21:00:00,-19.9,-19.1,-15.950000000000001,-16.9,-20.1,-15.6
2015-12-28 21:00:00,-21.6,-15.950000000000001,-17.55,-20.1,-19.9,-16.6
2015-12-27 21:00:00,-18.6,-17.55,-18.200000000000003,-19.9,-21.6,-13.3
2015-12-26 21:00:00,-18.0,-18.200000000000003,-22.2,-21.6,-18.6,-17.1
2015-12-25 21:00:00,-16.8,-22.2,-22.6,-18.6,-18.0,-19.6
2015-12-24 21:00:00,-20.2,-22.6,-17.45,-18.0,-16.8,-24.2
2015-12-23 21:00:00,-18.8,-17.45,-21.15,-16.8,-20.2,-26.4
2015-12-22 21:00:00,-11.7,-21.15,-25.8,-20.2,-18.8,-23.2
2015-12-21 21:00:00,-18.8,-25.8,-26.85,-18.8,-11.7,-23.5
2015-12-20 21:00:00,-26.3,-26.85,-26.0,-11.7,-18.8,-25.3
2015-12-19 21:00:00,-27.2,-26.0,-26.299999999999997,-18.8,-26.3,-26.5
2015-12-18 21:00:00,-25.9,-26.299999999999997,-27.05,-26.3,-27.2,-26.1
2015-12-17 21:00:00,-27.9,-27.05,-25.25,-27.2,-25.9,-24.7
2015-12-16 21:00:00,-29.1,-25.25,-23.25,-25.9,-27.9,-25.0
2015-12-15 21:00:00,-28.0,-23.25,-21.75,-27.9,-29.1,-22.5
2015-12-14 21:00:00,-25.8,-21.75,-23.55,-29.1,-28.0,-20.7
2015-12-13 21:00:00,-21.3,-23.55,-23.65,-28.0,-25.8,-22.2
2015-12-12 21:00:00,-23.1,-23.65,-23.799999999999997,-25.8,-21.3,-24.0
2015-12-11 21:00:00,-22.2,-23.799999999999997,-22.5,-21.3,-23.1,-25.1
2015-12-10 21:00:00,-23.2,-22.5,-19.4,-23.1,-22.2,-24.4
2015-12-09 21:00:00,-19.0,-19.4,-17.4,-22.2,-23.2,-26.0
2015-12-08 21:00:00,-15.9,-17.4,-17.7,-23.2,-19.0,-22.9
2015-12-07 21:00:00,-13.0,-17.7,-16.25,-19.0,-15.9,-21.8
2015-12-06 21:00:00,-15.1,-16.25,-16.0,-15.9,-13.0,-20.3
2015-12-05 21:00:00,-17.7,-16.0,-14.4,-13.0,-15.1,-14.8
2015-12-04 21:00:00,-14.7,-14.4,-17.35,-15.1,-17.7,-17.3
2015-12-03 21:00:00,-7.3,-17.35,-25.2,-17.7,-14.7,-21.5
2015-12-02 21:00:00,-14.8,-25.2,-22.0,-14.7,-7.3,-19.9
2015-12-01 21:00:00,-29.0,-22.0,-19.9,-7.3,-14.8,-21.4
2015-11-30 21:00:00,-22.4,-19.9,-15.8,-14.8,-29.0,-21.6
2015-11-29 21:00:00,-18.7,-15.8,-12.966666666666667,-29.0,-22.4,-21.1
2015-11-28 21:00:00,-11.9,-12.966666666666667,-18.8,-22.4,-18.7,-19.7
2015-11-27 21:00:00,-8.6,-18.8,-20.23333333333333,-18.7,-11.9,-21.7
2015-11-26 21:00:00,-18.2,-20.23333333333333,-19.866666666666664,-11.9,-8.6,-20.0
2015-11-25 21:00:00,-21.299999999999997,-19.866666666666664,-17.433333333333334,-8.6,-18.2,-18.1
2015-11-24 21:00:00,-19.9,-17.433333333333334,-17.5,-18.2,-21.299999999999997,-19.8
2015-11-23 21:00:00,-17.0,-17.5,-16.65,-21.299999999999997,-19.9,-18.3
2015-11-22 21:00:00,-15.9,-16.65,-17.633333333333333,-19.9,-17.0,-20.7
2015-11-20 21:00:00,-16.15,-15.866666666666667,-12.933333333333332,-15.9,-16.65,-20.6
2015-11-19 21:00:00,-13.8,-12.933333333333332,-10.1,-16.65,-16.15,-20.0
2015-11-18 21:00:00,-9.8,-10.1,-6.733333333333333,-16.15,-13.8,-19.2
2015-11-17 21:00:00,-10.15,-6.733333333333333,-11.6,-13.8,-9.8,-10.0
2015-11-16 21:00:00,-7.95,-11.6,-15.9,-9.8,-10.15,-4.3
2015-11-15 21:00:00,-13.25,-15.9,-14.25,-10.15,-7.95,-8.3
2015-11-14 21:00:00,-15.0,-14.25,-15.0,-7.95,-13.25,-17.7
2015-11-13 21:00:00,-14.0,-15.0,-16.833333333333332,-13.25,-15.0,-14.5
2015-11-12 21:00:00,-14.649999999999999,-16.833333333333332,-18.099999999999998,-15.0,-14.0,-15.7
2015-11-11 21:00:00,-17.8,-18.099999999999998,-17.099999999999998,-14.0,-14.649999999999999,-14.9
2015-11-10 21:00:00,-18.8,-17.099999999999998,-16.466666666666665,-14.649999999999999,-17.8,-16.7
2015-11-09 21:00:00,-16.9,-16.466666666666665,-18.166666666666668,-17.8,-18.8,-17.5
2015-11-08 21:00:00,-15.95,-18.166666666666668,-18.466666666666665,-18.8,-16.9,-17.5
2015-11-07 21:00:00,-19.1,-18.466666666666665,-15.766666666666666,-16.9,-15.95,-16.3
2015-11-06 21:00:00,-20.2,-15.766666666666666,-10.033333333333333,-15.95,-19.1,-15.0
2015-11-05 21:00:00,-15.65,-10.033333333333333,-10.233333333333333,-19.1,-20.2,-16.0
2015-11-04 21:00:00,-8.5,-10.233333333333333,-12.966666666666667,-20.2,-15.65,-13.1
2015-11-03 21:00:00,-10.2,-12.966666666666667,-13.133333333333335,-15.65,-8.5,-10.3
2015-11-02 21:00:00,-13.4,-13.133333333333335,-12.299999999999999,-8.5,-10.2,-12.1
2015-11-01 21:00:00,-14.850000000000001,-12.299999999999999,-7.966666666666666,-10.2,-13.4,-9.7
2015-10-31 21:00:00,-14.7,-7.966666666666666,-6.599999999999999,-13.4,-14.850000000000001,-7.5
2015-10-30 21:00:00,-9.95,-6.599999999999999,-7.5,-14.850000000000001,-14.7,-4.0
2015-10-29 21:00:00,-10.149999999999999,-7.5,-11.066666666666665,-14.7,-9.95,0.5
2015-10-28 21:00:00,-10.4,-11.066666666666665,-11.266666666666666,-9.95,-10.149999999999999,-1.7
2015-10-27 21:00:00,-13.149999999999999,-11.266666666666666,-11.5,-10.149999999999999,-10.4,-6.9
2015-10-26 21:00:00,-11.5,-11.5,-12.5,-10.4,-13.149999999999999,-10.8
2015-10-25 21:00:00,-11.0,-12.5,-11.5,-13.149999999999999,-11.5,-12.5
2015-10-24 21:00:00,-13.25,-11.5,-10.233333333333333,-11.5,-11.0,-11.0
2015-10-23 21:00:00,-12.85,-10.233333333333333,-6.8,-11.0,-13.25,-8.8
2015-10-22 21:00:00,-11.1,-6.8,-9.166666666666666,-13.25,-12.85,-8.5
2015-10-21 21:00:00,-8.35,-9.166666666666666,-3.8333333333333335,-12.85,-11.1,-3.7
2015-10-20 21:00:00,-8.4,-3.8333333333333335,-3.8333333333333335,-11.1,-8.35,-10.7
2015-10-19 21:00:00,-0.8999999999999999,-3.8333333333333335,-1.2333333333333334,-8.35,-8.4,-9.7
2015-10-18 21:00:00,-2.8,-1.2333333333333334,-6.766666666666666,-8.4,-0.8999999999999999,-5.9
2015-10-17 21:00:00,-0.8500000000000001,-6.766666666666666,-6.900000000000001,-0.8999999999999999,-2.8,-2.0
2015-10-16 21:00:00,-6.949999999999999,-6.900000000000001,-5.2,-2.8,-0.8500000000000001,-6.4
2015-10-15 21:00:00,-7.65,-5.2,-3.533333333333333,-0.8500000000000001,-6.949999999999999,-5.4
2015-10-14 21:00:00,-6.3500000000000005,-3.533333333333333,-2.3000000000000003,-6.949999999999999,-7.65,-2.9
2015-10-13 21:00:00,-4.0,-2.3000000000000003,-4.3,-7.65,-6.3500000000000005,-2.6
2015-10-12 21:00:00,-3.5500000000000003,-4.3,-2.9333333333333336,-6.3500000000000005,-4.0,0.2
2015-10-10 21:00:00,-3.75,-1.4000000000000001,-0.6666666666666669,-3.5500000000000003,-4.3,-1.3
2015-10-09 21:00:00,-1.1,-0.6666666666666669,-2.9,-4.3,-3.75,-2.0
2015-10-08 21:00:00,-0.9500000000000002,-2.9,-1.133333333333333,-3.75,-1.1,-0.1
2015-10-07 21:00:00,-4.6,-1.133333333333333,-0.09999999999999999,-1.1,-0.9500000000000002,0.5
2015-10-06 21:00:00,-1.9499999999999997,-0.09999999999999999,-1.3333333333333333,-0.9500000000000002,-4.6,0.5
2015-10-05 21:00:00,-0.25,-1.3333333333333333,-1.0333333333333332,-4.6,-1.9499999999999997,0.2
2015-10-04 21:00:00,-0.35,-1.0333333333333332,-0.23333333333333336,-1.9499999999999997,-0.25,-3.3
2015-10-03 21:00:00,0.1,-0.23333333333333336,-2.8333333333333335,-0.25,-0.35,-3.3
2015-10-02 21:00:00,0.3,-2.8333333333333335,-2.8666666666666667,-0.35,0.1,-1.3
2015-10-01 21:00:00,-3.4000000000000004,-2.8666666666666667,-1.1333333333333333,0.1,0.3,-1.7
2015-09-30 21:00:00,-3.25,-1.1333333333333333,-0.6666666666666666,0.3,-3.4000000000000004,-2.1
2015-09-29 21:00:00,-0.25,-0.6666666666666666,0.7333333333333334,-3.4000000000000004,-3.25,-2.9
2015-09-28 21:00:00,1.5,0.7333333333333334,-1.3666666666666665,-3.25,-0.25,-5.0
2015-09-27 21:00:00,2.25,-1.3666666666666665,-2.6,-0.25,1.5,-2.3
2015-09-26 21:00:00,-1.05,-2.6,1.3666666666666665,1.5,2.25,-2.0
2015-09-25 21:00:00,-1.35,1.3666666666666665,0.8666666666666667,2.25,-1.05,-5.1
2015-09-24 21:00:00,3.4,0.8666666666666667,1.6666666666666667,-1.05,-1.35,-2.7
2015-09-23 21:00:00,1.4000000000000001,1.6666666666666667,1.8666666666666665,-1.35,3.4,-0.2
2015-09-22 21:00:00,-0.09999999999999998,1.8666666666666665,1.4666666666666668,3.4,1.4000000000000001,5.2
2015-09-21 21:00:00,-0.95,1.4666666666666668,5.5,1.4000000000000001,-0.09999999999999998,7.5
2015-09-20 21:00:00,1.3,5.5,4.266666666666667,-0.09999999999999998,-0.95,1.8
2015-09-19 21:00:00,2.55,4.266666666666667,6.95,-0.95,1.3,11.4
2015-09-18 21:00:00,1.35,6.95,4.866666666666666,1.3,2.55,10.1
2015-09-17 21:00:00,3.1,4.866666666666666,7.333333333333333,2.55,1.35,10.8
2015-09-16 21:00:00,2.55,7.333333333333333,5.733333333333333,1.35,3.1,9.5
2015-09-15 21:00:00,9.4,5.733333333333333,7.2,3.1,2.55,3.2
2015-09-14 21:00:00,5.7,7.2,7.533333333333334,2.55,9.4,5.8
2015-09-13 21:00:00,5.15,7.533333333333334,11.1,9.4,5.7,11.3
2015-09-12 21:00:00,6.5,11.1,9.033333333333333,5.7,5.15,9.6
2015-09-11 21:00:00,12.3,9.033333333333333,5.966666666666666,5.15,6.5,8.7
2015-09-10 21:00:00,8.25,5.966666666666666,5.0,6.5,12.3,10.6
2015-09-09 21:00:00,4.65,5.0,7.533333333333334,12.3,8.25,8.6
2015-09-08 21:00:00,4.4,7.533333333333334,9.1,8.25,4.65,6.2
2015-09-07 21:00:00,7.1499999999999995,9.1,8.6,4.65,4.4,8.3
2015-09-06 21:00:00,9.4,8.6,8.466666666666667,4.4,7.1499999999999995,8.5
2015-09-05 21:00:00,9.95,8.466666666666667,7.933333333333333,7.1499999999999995,9.4,5.9
2015-09-04 21:00:00,9.5,7.933333333333333,10.533333333333333,9.4,9.95,6.4
2015-09-03 21:00:00,7.3999999999999995,10.533333333333333,9.933333333333334,9.95,9.5,9.0
2015-09-02 21:00:00,10.95,9.933333333333334,9.5,9.5,7.3999999999999995,9.7
2015-09-01 21:00:00,11.9,9.5,11.200000000000001,7.3999999999999995,10.95,6.0
2015-08-31 21:00:00,10.35,11.200000000000001,9.633333333333333,10.95,11.9,7.8
2015-08-30 21:00:00,10.3,9.633333333333333,8.233333333333333,11.9,10.35,13.0
2015-08-29 21:00:00,9.7,8.233333333333333,9.799999999999999,10.35,10.3,9.5
2015-08-28 21:00:00,8.6,9.799999999999999,11.100000000000001,10.3,9.7,7.5
2015-08-27 21:00:00,7.85,11.100000000000001,9.966666666666667,9.7,8.6,13.7
2015-08-26 21:00:00,11.350000000000001,9.966666666666667,7.8999999999999995,8.6,7.85,10.6
2015-08-25 21:00:00,9.95,7.8999999999999995,9.9,7.85,11.350000000000001,10.0
2015-08-24 21:00:00,7.3,9.9,8.966666666666667,11.350000000000001,9.95,9.1
2015-08-23 21:00:00,10.4,8.966666666666667,12.200000000000001,9.95,7.3,8.9
2015-08-22 21:00:00,8.4,12.200000000000001,12.033333333333333,7.3,10.4,10.1
2015-08-21 21:00:00,10.9,12.033333333333333,11.733333333333334,10.4,8.4,14.8
2015-08-20 21:00:00,11.55,11.733333333333334,10.799999999999999,8.4,10.9,13.0
2015-08-19 21:00:00,11.15,10.799999999999999,12.133333333333333,10.9,11.55,12.9
2015-08-18 21:00:00,11.15,12.133333333333333,11.666666666666666,11.55,11.15,10.1
2015-08-17 21:00:00,11.2,11.666666666666666,11.633333333333333,11.15,11.15,14.0
2015-08-16 21:00:00,13.05,11.633333333333333,11.833333333333334,11.15,11.2,8.9
2015-08-15 21:00:00,11.5,11.833333333333334,12.5,11.2,13.05,11.9
2015-08-14 21:00:00,11.95,12.5,14.333333333333334,13.05,11.5,11.6
2015-08-13 21:00:00,13.15,14.333333333333334,13.0,11.5,11.95,11.2
2015-08-12 21:00:00,14.100000000000001,13.0,10.833333333333334,11.95,13.15,14.8
2015-08-11 21:00:00,12.45,10.833333333333334,10.533333333333333,13.15,14.100000000000001,14.1
2015-08-10 21:00:00,10.8,10.533333333333333,10.766666666666666,14.100000000000001,12.45,10.9
2015-08-09 21:00:00,9.4,10.766666666666666,9.933333333333334,12.45,10.8,12.8
2015-08-08 21:00:00,10.05,9.933333333333334,12.133333333333333,10.8,9.4,12.2
2015-08-07 21:00:00,8.75,12.133333333333333,11.833333333333334,9.4,10.05,12.3
2015-08-06 21:00:00,12.0,11.833333333333334,12.299999999999999,10.05,8.75,12.4
2015-08-05 21:00:00,11.75,12.299999999999999,12.633333333333333,8.75,12.0,12.0
2015-08-04 21:00:00,11.95,12.633333333333333,11.6,12.0,11.75,13.0
2015-08-03 21:00:00,12.15,11.6,11.533333333333333,11.75,11.95,13.6
2015-08-02 21:00:00,11.4,11.533333333333333,3.033333333333333,11.95,12.15,12.0
2015-08-01 21:00:00,11.65,3.033333333333333,3.466666666666667,12.15,11.4,11.3
2015-07-31 21:00:00,-1.5499999999999998,3.466666666666667,11.866666666666667,11.4,11.65,12.2
2015-07-30 21:00:00,-1.3499999999999996,11.866666666666667,10.466666666666667,11.65,-1.5499999999999998,13.1
2015-07-29 21:00:00,11.75,10.466666666666667,10.633333333333333,-1.5499999999999998,-1.3499999999999996,12.1
2015-07-28 21:00:00,10.05,10.633333333333333,11.0,-1.3499999999999996,11.75,11.3
2015-07-27 21:00:00,10.15,11.0,11.6,11.75,10.05,11.6
2015-07-26 21:00:00,10.7,11.6,11.333333333333334,10.05,10.15,11.6
2015-07-25 21:00:00,11.75,11.333333333333334,11.266666666666666,10.15,10.7,11.3
2015-07-24 21:00:00,11.4,11.266666666666666,3.033333333333333,10.7,11.75,11.2
2015-07-23 21:00:00,10.95,3.033333333333333,10.633333333333333,11.75,11.4,11.9
2015-07-22 21:00:00,-1.2000000000000002,10.633333333333333,11.333333333333334,11.4,10.95,11.5
2015-07-21 21:00:00,10.15,11.333333333333334,11.1,10.95,-1.2000000000000002,11.6
2015-07-20 21:00:00,11.35,11.1,10.9,-1.2000000000000002,10.15,11.3
2015-07-19 21:00:00,10.95,10.9,9.666666666666666,10.15,11.35,11.4
2015-07-18 21:00:00,10.100000000000001,9.666666666666666,11.266666666666666,11.35,10.95,12.5
2015-07-17 21:00:00,9.0,11.266666666666666,10.433333333333334,10.95,10.100000000000001,11.0
2015-07-16 21:00:00,10.3,10.433333333333334,9.700000000000001,10.100000000000001,9.0,13.2
2015-07-15 21:00:00,10.15,9.700000000000001,9.166666666666666,9.0,10.3,11.0
2015-07-14 21:00:00,9.1,9.166666666666666,10.4,10.3,10.15,10.9
2015-07-13 21:00:00,10.25,10.4,10.633333333333333,10.15,9.1,7.0
2015-07-12 21:00:00,10.100000000000001,10.633333333333333,10.666666666666666,9.1,10.25,11.0
2015-07-11 21:00:00,10.2,10.666666666666666,11.233333333333334,10.25,10.100000000000001,11.5
2015-07-10 21:00:00,9.649999999999999,11.233333333333334,9.9,10.100000000000001,10.2,12.7
2015-07-09 21:00:00,10.1,9.9,9.366666666666667,10.2,9.649999999999999,13.5
2015-07-08 21:00:00,8.7,9.366666666666667,8.266666666666666,9.649999999999999,10.1,12.3
2015-07-07 21:00:00,8.8,8.266666666666666,9.733333333333333,10.1,8.7,10.5
2015-07-06 21:00:00,9.35,9.733333333333333,10.4,8.7,8.8,6.1
2015-07-05 21:00:00,9.75,10.4,9.633333333333333,8.8,9.35,9.7
2015-07-04 21:00:00,9.7,9.633333333333333,9.4,9.35,9.75,11.8
2015-07-03 21:00:00,9.75,9.4,10.1,9.75,9.7,9.4
2015-07-02 21:00:00,9.85,10.1,11.133333333333335,9.7,9.75,8.5
2015-07-01 21:00:00,10.65,11.133333333333335,8.5,9.75,9.85,9.0
2015-06-30 21:00:00,12.05,8.5,7.833333333333333,9.85,10.65,9.3
2015-06-28 21:00:00,8.3,9.35,7.566666666666666,12.05,8.5,6.9
2015-06-26 21:00:00,8.25,8.25,7.166666666666667,8.3,9.35,6.2
2015-06-24 21:00:00,7.699999999999999,8.05,7.966666666666666,8.25,8.25,6.1
2015-06-22 21:00:00,7.95,7.4,6.3999999999999995,7.699999999999999,8.05,8.0
2015-06-20 21:00:00,6.85,7.266666666666667,6.866666666666667,7.95,7.4,5.5
2015-06-19 21:00:00,7.3,6.866666666666667,6.5,7.4,6.85,7.2
2015-06-18 21:00:00,7.0,6.5,7.0,6.85,7.3,6.6
2015-06-17 21:00:00,7.300000000000001,7.0,7.566666666666666,7.3,7.0,4.9
2015-06-16 21:00:00,7.1,7.566666666666666,7.3999999999999995,7.0,7.300000000000001,6.8
2015-06-15 21:00:00,8.0,7.3999999999999995,5.300000000000001,7.300000000000001,7.1,6.7
2015-06-14 21:00:00,7.8,5.300000000000001,6.333333333333333,7.1,8.0,6.6
2015-06-13 21:00:00,5.550000000000001,6.333333333333333,6.133333333333333,8.0,7.8,4.8
2015-06-12 21:00:00,7.2,6.133333333333333,4.266666666666667,7.8,5.550000000000001,4.6
2015-06-11 21:00:00,6.949999999999999,4.266666666666667,5.6000000000000005,5.550000000000001,7.2,4.5
2015-06-10 21:00:00,4.0,5.6000000000000005,2.2666666666666666,7.2,6.949999999999999,4.8
2015-06-09 21:00:00,6.3,2.2666666666666666,3.766666666666667,6.949999999999999,4.0,4.2
2015-06-08 21:00:00,2.25,3.766666666666667,4.466666666666666,4.0,6.3,2.3
2015-06-07 21:00:00,2.7,4.466666666666666,0.9666666666666667,6.3,2.25,5.9
2015-06-06 21:00:00,3.0999999999999996,0.9666666666666667,2.1666666666666665,2.25,2.7,7.2
2015-06-05 21:00:00,0.7,2.1666666666666665,2.8333333333333335,2.7,3.0999999999999996,1.5
2015-06-04 21:00:00,1.6,2.8333333333333335,3.466666666666667,3.0999999999999996,0.7,3.3
2015-06-03 21:00:00,2.45,3.466666666666667,3.4,0.7,1.6,3.6
2015-06-02 21:00:00,3.45,3.4,3.466666666666667,1.6,2.45,3.5
2015-06-01 21:00:00,2.3,3.466666666666667,4.6000000000000005,2.45,3.45,5.6
2015-05-31 21:00:00,3.0,4.6000000000000005,2.5,3.45,2.3,4.4
2015-05-30 21:00:00,4.4,2.5,2.8333333333333335,2.3,3.0,5.0
2015-05-29 21:00:00,3.2,2.8333333333333335,2.233333333333333,3.0,4.4,1.1
2015-05-28 21:00:00,2.45,2.233333333333333,2.533333333333333,4.4,3.2,3.6
2015-05-27 21:00:00,1.8499999999999999,2.533333333333333,2.1999999999999997,3.2,2.45,3.0
2015-05-26 21:00:00,1.2999999999999998,2.1999999999999997,3.533333333333333,2.45,1.8499999999999999,5.0
2015-05-25 21:00:00,2.55,3.533333333333333,0.9,1.8499999999999999,1.2999999999999998,1.5
2015-05-24 21:00:00,2.8499999999999996,0.9,1.5999999999999999,1.2999999999999998,2.55,4.9
2015-05-23 21:00:00,1.3,1.5999999999999999,-0.23333333333333336,2.55,2.8499999999999996,0.1
2015-05-22 21:00:00,1.75,-0.23333333333333336,-0.26666666666666666,2.8499999999999996,1.3,1.3
2015-05-21 21:00:00,0.3,-0.26666666666666666,0.5333333333333333,1.3,1.75,-1.3
2015-05-20 21:00:00,-0.55,0.5333333333333333,0.8333333333333334,1.75,0.3,0.3
2015-05-19 21:00:00,0.44999999999999996,0.8333333333333334,-0.5,0.3,-0.55,0.7
2015-05-18 21:00:00,1.3,-0.5,0.5333333333333333,-0.55,0.44999999999999996,-0.1
2015-05-17 21:00:00,0.15,0.5333333333333333,0.8333333333333334,0.44999999999999996,1.3,-1.8
2015-05-16 21:00:00,1.45,0.8333333333333334,-0.7999999999999999,1.3,0.15,-1.3
2015-05-15 21:00:00,1.95,-0.7999999999999999,0.5333333333333331,0.15,1.45,-1.4
2015-05-14 21:00:00,-0.75,0.5333333333333331,-0.39999999999999997,1.45,1.95,-0.9
2015-05-13 21:00:00,2.3499999999999996,-0.39999999999999997,-1.7999999999999998,1.95,-0.75,-3.1
2015-05-12 21:00:00,-0.44999999999999996,-1.7999999999999998,-0.6,-0.75,2.3499999999999996,-0.3
2015-05-11 21:00:00,0.09999999999999998,-0.6,-0.06666666666666672,2.3499999999999996,-0.44999999999999996,-5.6
2015-05-10 21:00:00,1.0,-0.06666666666666672,-1.0333333333333334,-0.44999999999999996,0.09999999999999998,-3.8
2015-05-09 21:00:00,1.2,-1.0333333333333334,-2.4,0.09999999999999998,1.0,-2.6
2015-05-08 21:00:00,-1.4500000000000002,-2.4,-2.1666666666666665,1.0,1.2,-0.2
2015-05-07 21:00:00,-1.3,-2.1666666666666665,-2.9666666666666663,1.2,-1.4500000000000002,-4.6
2015-05-06 21:00:00,-1.5,-2.9666666666666663,-1.7333333333333334,-1.4500000000000002,-1.3,-3.5
2015-05-05 21:00:00,-2.3,-1.7333333333333334,-2.6999999999999997,-1.3,-1.5,-4.3
2015-05-04 21:00:00,-1.95,-2.6999999999999997,-1.6666666666666667,-1.5,-2.3,-1.3
2015-05-03 21:00:00,-2.85,-1.6666666666666667,-2.6333333333333333,-2.3,-1.95,-2.4
2015-05-02 21:00:00,-1.55,-2.6333333333333333,-2.533333333333333,-1.95,-2.85,-1.9
2015-05-01 21:00:00,-3.0,-2.533333333333333,-1.2666666666666666,-2.85,-1.55,-1.9
2015-04-30 21:00:00,-2.25,-1.2666666666666666,-2.566666666666667,-1.55,-3.0,-3.1
2015-04-29 21:00:00,-0.19999999999999996,-2.566666666666667,-2.3,-3.0,-2.25,-3.4
2015-04-28 21:00:00,-2.4000000000000004,-2.3,-2.6666666666666665,-2.25,-0.19999999999999996,-2.9
2015-04-27 21:00:00,-1.4,-2.6666666666666665,-4.066666666666666,-0.19999999999999996,-2.4000000000000004,-4.1
2015-04-26 21:00:00,-2.3000000000000003,-4.066666666666666,-4.633333333333334,-2.4000000000000004,-1.4,-3.4
2015-04-25 21:00:00,-2.05,-4.633333333333334,-6.933333333333333,-1.4,-2.3000000000000003,-8.1
2015-04-24 21:00:00,-2.8,-6.933333333333333,-4.966666666666667,-2.3000000000000003,-2.05,-8.3
2015-04-23 21:00:00,-8.95,-4.966666666666667,-4.3,-2.05,-2.8,-2.9
2015-04-22 21:00:00,-3.45,-4.3,-3.6666666666666665,-2.8,-8.95,-8.0
2015-04-21 21:00:00,-3.05,-3.6666666666666665,-4.633333333333334,-8.95,-3.45,-6.8
2015-04-20 21:00:00,-3.75,-4.633333333333334,-3.0,-3.45,-3.05,-3.5
2015-04-19 21:00:00,-5.4,-3.0,-4.6,-3.05,-3.75,-3.1
2015-04-18 21:00:00,-3.2,-4.6,-2.266666666666667,-3.75,-5.4,-2.6
2015-04-17 21:00:00,-5.949999999999999,-2.266666666666667,-3.1666666666666665,-5.4,-3.2,-1.9
2015-04-16 21:00:00,-1.85,-3.1666666666666665,-6.766666666666666,-3.2,-5.949999999999999,-3.1
2015-04-15 21:00:00,-1.6,-6.766666666666666,-7.166666666666667,-5.949999999999999,-1.85,-6.3
2015-04-14 21:00:00,-3.0999999999999996,-7.166666666666667,-8.033333333333333,-1.85,-1.6,-14.1
2015-04-13 21:00:00,-3.4,-8.033333333333333,-10.799999999999999,-1.6,-3.0999999999999996,-14.7
2015-04-12 21:00:00,-7.7,-10.799999999999999,-12.533333333333333,-3.0999999999999996,-3.4,-8.7
2015-04-11 21:00:00,-7.95,-12.533333333333333,-10.700000000000001,-3.4,-7.7,-16.5
2015-04-10 21:00:00,-12.0,-10.700000000000001,-7.7,-7.7,-7.95,-13.6
2015-04-09 21:00:00,-8.5,-7.7,-12.566666666666668,-7.95,-12.0,-15.1
2015-04-08 21:00:00,-5.4,-12.566666666666668,-15.6,-12.0,-8.5,-12.3
2015-04-07 21:00:00,-10.5,-15.6,-13.033333333333333,-8.5,-5.4,-16.7
2015-04-06 21:00:00,-13.649999999999999,-13.033333333333333,-12.5,-5.4,-10.5,-19.5
2015-04-05 21:00:00,-11.25,-12.5,-16.433333333333334,-10.5,-13.649999999999999,-16.6
2015-04-04 21:00:00,-11.25,-16.433333333333334,-14.733333333333334,-13.649999999999999,-11.25,-15.0
2015-04-03 21:00:00,-16.25,-14.733333333333334,-15.300000000000002,-11.25,-11.25,-16.8
2015-04-02 21:00:00,-13.45,-15.300000000000002,-17.2,-11.25,-16.25,-17.3
2015-04-01 21:00:00,-13.55,-17.2,-19.4,-16.25,-13.45,-18.8
2015-03-31 21:00:00,-15.8,-19.4,-17.5,-13.45,-13.55,-20.0
2015-03-30 21:00:00,-18.15,-17.5,-18.200000000000003,-13.55,-15.8,-21.9
2015-03-29 21:00:00,-17.6,-18.200000000000003,-13.166666666666666,-15.8,-18.15,-17.3
2015-03-28 21:00:00,-18.3,-13.166666666666666,-9.233333333333334,-18.15,-17.6,-18.1
2015-03-27 21:00:00,-14.100000000000001,-9.233333333333334,-8.966666666666667,-17.6,-18.3,-11.3
2015-03-26 21:00:00,-13.3,-8.966666666666667,-9.633333333333333,-18.3,-14.100000000000001,-1.1
2015-03-25 21:00:00,-10.3,-9.633333333333333,-8.766666666666667,-14.100000000000001,-13.3,-6.3
2015-03-24 21:00:00,-10.95,-8.766666666666667,-14.766666666666666,-13.3,-10.3,-7.0
2015-03-23 21:00:00,-8.5,-14.766666666666666,-10.200000000000001,-10.3,-10.95,-9.3
2015-03-22 21:00:00,-13.35,-10.200000000000001,-9.966666666666667,-10.95,-8.5,-17.6
2015-03-21 21:00:00,-9.8,-9.966666666666667,-12.1,-8.5,-13.35,-11.0
2015-03-20 21:00:00,-10.75,-12.1,-17.7,-13.35,-9.8,-8.4
2015-03-19 21:00:00,-13.25,-17.7,-18.900000000000002,-9.8,-10.75,-9.8
2015-03-18 21:00:00,-16.25,-18.900000000000002,-18.133333333333336,-10.75,-13.25,-20.6
2015-03-17 21:00:00,-17.95,-18.133333333333336,-17.933333333333334,-13.25,-16.25,-20.8
2015-03-16 21:00:00,-17.6,-17.933333333333334,-18.833333333333332,-16.25,-17.95,-19.2
2015-03-15 21:00:00,-16.75,-18.833333333333332,-18.166666666666668,-17.95,-17.6,-20.3
2015-03-14 21:00:00,-18.4,-18.166666666666668,-18.666666666666668,-17.6,-16.75,-19.7
2015-03-13 21:00:00,-18.5,-18.666666666666668,-14.800000000000002,-16.75,-18.4,-17.5
2015-03-12 21:00:00,-18.3,-14.800000000000002,-16.4,-18.4,-18.5,-19.4
2015-03-11 21:00:00,-16.6,-16.4,-16.866666666666667,-18.5,-18.3,-11.2
2015-03-10 21:00:00,-19.549999999999997,-16.866666666666667,-19.1,-18.3,-16.6,-10.1
2015-03-09 21:00:00,-21.45,-19.1,-18.900000000000002,-16.6,-19.549999999999997,-7.7
2015-03-08 21:00:00,-20.85,-18.900000000000002,-20.53333333333333,-19.549999999999997,-21.45,-15.6
2015-03-07 21:00:00,-17.95,-20.53333333333333,-21.53333333333333,-21.45,-20.85,-20.8
2015-03-06 21:00:00,-16.95,-21.53333333333333,-21.53333333333333,-20.85,-17.95,-27.7
2015-03-05 21:00:00,-18.6,-21.53333333333333,-20.866666666666667,-17.95,-16.95,-27.4
2015-03-04 21:00:00,-20.95,-20.866666666666667,-22.166666666666668,-16.95,-18.6,-22.7
2015-03-03 21:00:00,-20.35,-22.166666666666668,-23.133333333333336,-18.6,-20.95,-21.9
2015-03-02 21:00:00,-20.3,-23.133333333333336,-25.666666666666668,-20.95,-20.35,-25.9
2015-03-01 21:00:00,-21.700000000000003,-25.666666666666668,-26.76666666666667,-20.35,-20.3,-26.0
2015-02-28 21:00:00,-24.85,-26.76666666666667,-27.866666666666664,-20.3,-21.700000000000003,-27.3
2015-02-27 21:00:00,-25.950000000000003,-27.866666666666664,-24.566666666666666,-21.700000000000003,-24.85,-28.4
2015-02-26 21:00:00,-28.0,-24.566666666666666,-23.3,-24.85,-25.950000000000003,-27.6
2015-02-25 21:00:00,-25.6,-23.3,-22.166666666666668,-25.950000000000003,-28.0,-22.5
2015-02-24 21:00:00,-22.4,-22.166666666666668,-21.96666666666667,-28.0,-25.6,-25.1
2015-02-23 21:00:00,-20.8,-21.96666666666667,-20.833333333333332,-25.6,-22.4,-24.9
2015-02-22 21:00:00,-20.25,-20.833333333333332,-21.73333333333333,-22.4,-20.8,-25.4
2015-02-21 21:00:00,-19.6,-21.73333333333333,-20.23333333333333,-20.8,-20.25,-23.3
2015-02-20 21:00:00,-19.9,-20.23333333333333,-17.6,-20.25,-19.6,-25.4
2015-02-19 21:00:00,-18.9,-17.6,-20.033333333333335,-19.6,-19.9,-22.9
2015-02-18 21:00:00,-18.1,-20.033333333333335,-24.3,-19.9,-18.9,-16.6
2015-02-17 21:00:00,-20.200000000000003,-24.3,-19.233333333333334,-18.9,-18.1,-19.7
2015-02-16 21:00:00,-24.95,-19.233333333333334,-18.066666666666666,-18.1,-20.200000000000003,-23.0
2015-02-15 21:00:00,-19.55,-18.066666666666666,-16.7,-20.200000000000003,-24.95,-18.6
2015-02-14 21:00:00,-20.3,-16.7,-17.066666666666666,-24.95,-19.55,-13.6
2015-02-13 21:00:00,-18.3,-17.066666666666666,-15.466666666666669,-19.55,-20.3,-13.5
2015-02-12 21:00:00,-17.95,-15.466666666666669,-15.766666666666666,-20.3,-18.3,-15.3
2015-02-11 21:00:00,-15.55,-15.766666666666666,-16.033333333333335,-18.3,-17.95,-15.3
2015-02-10 21:00:00,-17.4,-16.033333333333335,-14.933333333333335,-17.95,-15.55,-12.5
2015-02-09 21:00:00,-20.75,-14.933333333333335,-16.866666666666664,-15.55,-17.4,-6.6
2015-02-08 21:00:00,-15.700000000000001,-16.866666666666664,-16.96666666666667,-17.4,-20.75,-13.4
2015-02-07 21:00:00,-16.4,-16.96666666666667,-21.35,-20.75,-15.700000000000001,-17.8
2015-02-06 21:00:00,-14.3,-21.35,-20.133333333333333,-15.700000000000001,-16.4,-22.3
2015-02-04 21:00:00,-16.95,-20.833333333333332,-21.633333333333336,-14.3,-21.35,-26.5
2015-02-03 21:00:00,-18.75,-21.633333333333336,-24.600000000000005,-21.35,-16.95,-25.0
2015-02-02 21:00:00,-22.15,-24.600000000000005,-25.233333333333334,-16.95,-18.75,-20.6
2015-02-01 21:00:00,-24.85,-25.233333333333334,-23.333333333333332,-18.75,-22.15,-24.1
2015-01-31 21:00:00,-26.45,-23.333333333333332,-20.166666666666668,-22.15,-24.85,-22.8
2015-01-30 21:00:00,-26.5,-20.166666666666668,-20.733333333333334,-24.85,-26.45,-17.0
2015-01-29 21:00:00,-22.9,-20.733333333333334,-23.23333333333333,-26.45,-26.5,-14.7
2015-01-28 21:00:00,-23.75,-23.23333333333333,-20.233333333333334,-26.5,-22.9,-14.7
2015-01-27 21:00:00,-22.4,-20.233333333333334,-23.833333333333332,-22.9,-23.75,-24.9
2015-01-26 21:00:00,-22.35,-23.833333333333332,-23.7,-23.75,-22.4,-16.0
2015-01-25 21:00:00,-24.6,-23.7,-27.0,-22.4,-22.35,-22.3
2015-01-24 21:00:00,-20.4,-27.0,-27.566666666666666,-22.35,-24.6,-27.0
2015-01-23 21:00:00,-26.85,-27.566666666666666,-25.399999999999995,-24.6,-20.4,-27.3
2015-01-22 21:00:00,-28.3,-25.399999999999995,-24.333333333333332,-20.4,-26.85,-26.1
2015-01-21 21:00:00,-25.4,-24.333333333333332,-21.8,-26.85,-28.3,-25.4
2015-01-20 21:00:00,-25.0,-21.8,-20.266666666666666,-28.3,-25.4,-23.0
2015-01-19 21:00:00,-22.450000000000003,-20.266666666666666,-21.3,-25.4,-25.0,-20.5
2015-01-18 21:00:00,-19.9,-21.3,-20.166666666666668,-25.0,-22.450000000000003,-21.0
2015-01-17 21:00:00,-21.8,-20.166666666666668,-21.23333333333333,-22.450000000000003,-19.9,-20.3
2015-01-16 21:00:00,-24.1,-21.23333333333333,-21.900000000000002,-19.9,-21.8,-12.3
2015-01-15 21:00:00,-25.75,-21.900000000000002,-22.166666666666668,-21.8,-24.1,-12.2
2015-01-14 21:00:00,-25.5,-22.166666666666668,-24.5,-24.1,-25.75,-14.7
2015-01-13 21:00:00,-24.8,-24.5,-20.933333333333334,-25.75,-25.5,-16.9
2015-01-11 21:00:00,-22.9,-18.933333333333334,-18.133333333333336,-24.8,-24.5,-17.0
2015-01-10 21:00:00,-20.75,-18.133333333333336,-19.566666666666666,-24.5,-22.9,-15.3
2015-01-09 21:00:00,-22.3,-19.566666666666666,-17.599999999999998,-22.9,-20.75,-9.8
2015-01-08 21:00:00,-22.15,-17.599999999999998,-17.633333333333333,-20.75,-22.3,-14.4
2015-01-07 21:00:00,-21.15,-17.633333333333333,-21.333333333333332,-22.3,-22.15,-10.5
2015-01-06 21:00:00,-21.45,-21.333333333333332,-21.566666666666666,-22.15,-21.15,-10.0
2015-01-05 21:00:00,-24.3,-21.566666666666666,-20.833333333333336,-21.15,-21.45,-15.4
2015-01-04 21:00:00,-23.6,-20.833333333333336,-19.733333333333334,-21.45,-24.3,-17.5
2015-01-03 21:00:00,-23.450000000000003,-19.733333333333334,-16.23333333333333,-24.3,-23.6,-15.6
2015-01-02 21:00:00,,,,,,-15.7
2015-01-01 21:00:00,,,,,,-15.6
2014-12-31 21:00:00,,,,,,-16.9
2014-12-30 21:00:00,,,,,,-20.1
2014-12-29 21:00:00,,-21.6,-18.6,,,-19.9
2014-12-28 21:00:00,,-18.6,-18.0,,,-21.6
2014-12-27 21:00:00,,-18.0,-16.8,,,-18.6
2014-12-26 21:00:00,,-16.8,-20.2,,,-18.0
2014-12-25 21:00:00,,-20.2,-18.8,,,-16.8
2014-12-24 21:00:00,,-18.8,-11.7,,,-20.2
2014-12-23 21:00:00,,-11.7,-18.8,,,-18.8
2014-12-22 21:00:00,,-18.8,-26.3,,,-11.7
2014-12-21 21:00:00,,-26.3,-27.2,,,-18.8
2014-12-20 21:00:00,,-27.2,-25.9,,,-26.3
2014-12-19 21:00:00,,-25.9,-27.9,,,-27.2
2014-12-18 21:00:00,,-27.9,-29.1,,,-25.9
2014-12-17 21:00:00,,-29.1,-28.0,,,-27.9
2014-12-16 21:00:00,,-28.0,-25.8,,,-29.1
2014-12-15 21:00:00,,-25.8,-21.3,,,-28.0
2014-12-14 21:00:00,,-21.3,-23.1,,,-25.8
2014-12-13 21:00:00,,-23.1,-22.2,,,-21.3
2014-12-12 21:00:00,,-22.2,-23.2,,,-23.1
2014-12-11 21:00:00,,-23.2,-19.0,,,-22.2
2014-12-10 21:00:00,,-19.0,-15.9,,,-23.2
2014-12-09 21:00:00,,-15.9,-13.0,,,-19.0
2014-12-08 21:00:00,,-13.0,-15.1,,,-15.9
2014-12-07 21:00:00,,-15.1,-17.7,,,-13.0
2014-12-06 21:00:00,,-17.7,-14.7,,,-15.1
2014-12-05 21:00:00,,-14.7,-7.3,,,-17.7
2014-12-04 21:00:00,,-7.3,-14.8,,,-14.7
2014-12-03 21:00:00,,-14.8,-29.0,,,-7.3
2014-12-02 21:00:00,,-29.0,-22.4,,,-14.8
2014-12-01 21:00:00,,-22.4,-18.7,,,-29.0
2014-11-30 21:00:00,,-18.7,-11.9,,,-22.4
2014-11-29 21:00:00,,-11.9,-8.6,,,-18.7
2014-11-28 21:00:00,,-8.6,-18.2,,,-11.9
2014-11-27 21:00:00,-3.5,-18.2,-21.299999999999997,,,-13.7
2014-11-26 21:00:00,-15.5,-21.299999999999997,-19.9,,-3.5,-20.9
2014-11-25 21:00:00,-20.4,-19.9,-17.0,-3.5,-15.5,-22.2
2014-11-24 21:00:00,-17.7,-17.0,-15.9,-15.5,-20.4,-22.1
2014-11-23 21:00:00,-12.9,-15.9,-16.65,-20.4,-17.7,-21.1
2014-11-22 21:00:00,-10.0,-16.65,-16.15,-17.7,-12.9,-21.8
2014-11-21 21:00:00,-11.7,-16.15,-13.8,-12.9,-10.0,-21.6
2014-11-20 21:00:00,-12.7,-13.8,-9.8,-10.0,-11.7,-19.6
2014-11-19 21:00:00,-8.6,-9.8,-10.15,-11.7,-12.7,-19.0
2014-11-18 21:00:00,-2.8,-10.15,-7.95,-12.7,-8.6,-16.8
2014-11-17 21:00:00,-1.5,-7.95,-13.25,-8.6,-2.8,-18.8
2014-11-16 21:00:00,-4.6,-13.25,-15.0,-2.8,-1.5,-11.3
2014-11-15 21:00:00,-13.2,-15.0,-14.0,-1.5,-4.6,-13.3
2014-11-14 21:00:00,-18.7,-14.0,-14.649999999999999,-4.6,-13.2,-11.3
2014-11-12 21:00:00,-12.1,-17.8,-18.8,-18.7,-14.0,-17.2
2014-11-11 21:00:00,-14.3,-18.8,-16.9,-14.0,-12.1,-21.3
2014-11-10 21:00:00,-18.8,-16.9,-15.95,-12.1,-14.3,-18.8
2014-11-09 21:00:00,-18.2,-15.95,-19.1,-14.3,-18.8,-15.6
2014-11-08 21:00:00,-17.4,-19.1,-20.2,-18.8,-18.2,-14.5
2014-11-07 21:00:00,-21.6,-20.2,-15.65,-18.2,-17.4,-16.6
2014-11-06 21:00:00,-22.9,-15.65,-8.5,-17.4,-21.6,-17.5
2014-11-05 21:00:00,-18.8,-8.5,-10.2,-21.6,-22.9,-12.5
2014-11-04 21:00:00,-10.5,-10.2,-13.4,-22.9,-18.8,-6.5
2014-11-03 21:00:00,-15.1,-13.4,-14.850000000000001,-18.8,-10.5,-5.3
2014-11-02 21:00:00,-12.4,-14.850000000000001,-14.7,-10.5,-15.1,-14.4
2014-11-01 21:00:00,-14.4,-14.7,-9.95,-15.1,-12.4,-15.3
2014-10-31 21:00:00,-15.1,-9.95,-10.149999999999999,-12.4,-14.4,-14.3
2014-10-30 21:00:00,-8.7,-10.149999999999999,-10.4,-14.4,-15.1,-11.2
2014-10-29 21:00:00,-11.6,-10.4,-13.149999999999999,-15.1,-8.7,-8.7
2014-10-28 21:00:00,-8.9,-13.149999999999999,-11.5,-8.7,-11.6,-11.9
2014-10-27 21:00:00,-12.7,-11.5,-11.0,-11.6,-8.9,-13.6
2014-10-26 21:00:00,-12.1,-11.0,-13.25,-8.9,-12.7,-10.9
2014-10-25 21:00:00,-12.0,-13.25,-12.85,-12.7,-12.1,-10.0
2014-10-24 21:00:00,-11.9,-12.85,-11.1,-12.1,-12.0,-14.6
2014-10-23 21:00:00,-9.7,-11.1,-8.35,-12.0,-11.9,-16.0
2014-10-22 21:00:00,-6.7,-8.35,-8.4,-11.9,-9.7,-15.5
2014-10-21 21:00:00,-4.1,-8.4,-0.8999999999999999,-9.7,-6.7,-12.6
2014-10-20 21:00:00,-9.1,-0.8999999999999999,-2.8,-6.7,-4.1,-7.7
2014-10-19 21:00:00,-3.9,-2.8,-0.8500000000000001,-4.1,-9.1,2.1
2014-10-18 21:00:00,-8.1,-0.8500000000000001,-6.949999999999999,-9.1,-3.9,2.5
2014-10-17 21:00:00,-6.0,-6.949999999999999,-7.65,-3.9,-8.1,4.3
2014-10-16 21:00:00,-10.7,-7.65,-6.3500000000000005,-8.1,-6.0,-3.2
2014-10-15 21:00:00,-10.4,-6.3500000000000005,-4.0,-6.0,-10.7,-4.9
2014-10-14 21:00:00,-10.8,-4.0,-3.5500000000000003,-10.7,-10.4,-1.9
2014-10-13 21:00:00,-7.7,-3.5500000000000003,-4.3,-10.4,-10.8,-0.3
2014-10-12 21:00:00,-8.4,-4.3,-3.75,-10.8,-7.7,1.3
2014-10-11 21:00:00,-9.0,-3.75,-1.1,-7.7,-8.4,0.4
2014-10-10 21:00:00,-7.1,-1.1,-0.9500000000000002,-8.4,-9.0,-0.4
2014-10-09 21:00:00,-2.7,-0.9500000000000002,-4.6,-9.0,-7.1,0.5
2014-10-08 21:00:00,-5.4,-4.6,-1.9499999999999997,-7.1,-2.7,3.5
2014-10-07 21:00:00,-9.2,-1.9499999999999997,-0.25,-2.7,-5.4,0.0
2014-10-06 21:00:00,-5.6,-0.25,-0.35,-5.4,-9.2,1.7
2014-10-05 21:00:00,-3.1,-0.35,0.1,-9.2,-5.6,2.6
2014-10-04 21:00:00,-1.7,0.1,0.3,-5.6,-3.1,1.0
2014-10-03 21:00:00,-0.3,0.3,-3.4000000000000004,-3.1,-1.7,0.5
2014-10-02 21:00:00,0.5,-3.4000000000000004,-3.25,-1.7,-0.3,0.1
2014-10-01 21:00:00,-2.1,-3.25,-0.25,-0.3,0.5,-4.7
2014-09-30 21:00:00,-2.4,-0.25,1.5,0.5,-2.1,-4.1
2014-09-29 21:00:00,0.5,1.5,2.25,-2.1,-2.4,-1.0
2014-09-28 21:00:00,2.1,2.25,-1.05,-2.4,0.5,0.9
2014-09-27 21:00:00,4.9,-1.05,-1.35,0.5,2.1,-0.4
2014-09-26 21:00:00,-1.9,-1.35,3.4,2.1,4.9,-0.2
2014-09-25 21:00:00,0.0,3.4,1.4000000000000001,4.9,-1.9,-2.7
2014-09-24 21:00:00,3.4,1.4000000000000001,-0.09999999999999998,-1.9,0.0,3.4
2014-09-23 21:00:00,3.2,-0.09999999999999998,-0.95,0.0,3.4,-0.4
2014-09-22 21:00:00,-1.3,-0.95,1.3,3.4,3.2,1.1
2014-09-21 21:00:00,-0.5,1.3,2.55,3.2,-1.3,-1.4
2014-09-20 21:00:00,1.0,2.55,1.35,-1.3,-0.5,1.6
2014-09-19 21:00:00,-0.2,1.35,3.1,-0.5,1.0,5.3
2014-09-18 21:00:00,1.3,3.1,2.55,1.0,-0.2,1.4
2014-09-16 21:00:00,4.1,9.4,5.7,1.3,3.1,1.0
2014-09-15 21:00:00,6.3,5.7,5.15,3.1,4.1,12.5
2014-09-14 21:00:00,6.9,5.15,6.5,4.1,6.3,4.5
2014-09-13 21:00:00,1.9,6.5,12.3,6.3,6.9,8.4
2014-09-12 21:00:00,3.7,12.3,8.25,6.9,1.9,9.3
2014-09-11 21:00:00,11.4,8.25,4.65,1.9,3.7,13.2
2014-09-10 21:00:00,10.9,4.65,4.4,3.7,11.4,5.6
2014-09-09 21:00:00,3.7,4.4,7.1499999999999995,11.4,10.9,5.6
2014-09-08 21:00:00,4.7,7.1499999999999995,9.4,10.9,3.7,4.1
2014-09-07 21:00:00,6.1,9.4,9.95,3.7,4.7,8.2
2014-09-06 21:00:00,4.9,9.95,9.5,4.7,6.1,13.9
2014-09-05 21:00:00,6.0,9.5,7.3999999999999995,6.1,4.9,13.9
2014-09-04 21:00:00,7.2,7.3999999999999995,10.95,4.9,6.0,11.8
2014-09-03 21:00:00,8.2,10.95,11.9,6.0,7.2,6.6
2014-09-02 21:00:00,12.7,11.9,10.35,7.2,8.2,9.2
2014-09-01 21:00:00,10.4,10.35,10.3,8.2,12.7,13.4
2014-08-31 21:00:00,7.7,10.3,9.7,12.7,10.4,13.0
2014-08-30 21:00:00,7.0,9.7,8.6,10.4,7.7,13.6
2014-08-29 21:00:00,6.7,8.6,7.85,7.7,7.0,12.7
2014-08-28 21:00:00,4.7,7.85,11.350000000000001,7.0,6.7,12.5
2014-08-27 21:00:00,5.2,11.350000000000001,9.95,6.7,4.7,10.5
2014-08-26 21:00:00,10.4,9.95,7.3,4.7,5.2,12.3
2014-08-25 21:00:00,8.4,7.3,10.4,5.2,10.4,11.5
2014-08-24 21:00:00,5.0,10.4,8.4,10.4,8.4,9.6
2014-08-23 21:00:00,7.4,8.4,10.9,8.4,5.0,13.4
2014-08-22 21:00:00,4.8,10.9,11.55,5.0,7.4,12.0
2014-08-21 21:00:00,8.9,11.55,11.15,7.4,4.8,12.9
2014-08-20 21:00:00,9.5,11.15,11.15,4.8,8.9,13.6
2014-08-19 21:00:00,9.3,11.15,11.2,8.9,9.5,13.0
2014-08-18 21:00:00,12.4,11.2,13.05,9.5,9.3,9.9
2014-08-17 21:00:00,13.2,13.05,11.5,9.3,12.4,9.2
2014-08-16 21:00:00,13.5,11.5,11.95,12.4,13.2,12.6
2014-08-15 21:00:00,14.3,11.95,13.15,13.2,13.5,8.7
2014-08-14 21:00:00,13.4,13.15,14.100000000000001,13.5,14.3,10.5
2014-08-13 21:00:00,14.5,14.100000000000001,12.45,14.3,13.4,11.8
2014-08-12 21:00:00,13.9,12.45,10.8,13.4,14.5,14.3
2014-08-11 21:00:00,13.4,10.8,9.4,14.5,13.9,11.5
2014-08-10 21:00:00,9.3,9.4,10.05,13.9,13.4,12.3
2014-08-09 21:00:00,8.8,10.05,8.75,13.4,9.3,10.0
2014-08-08 21:00:00,9.3,8.75,12.0,9.3,8.8,10.8
2014-08-07 21:00:00,9.5,12.0,11.75,8.8,9.3,8.0
2014-08-06 21:00:00,13.9,11.75,11.95,9.3,9.5,10.1
2014-08-05 21:00:00,13.0,11.95,12.15,9.5,13.9,10.5
2014-08-04 21:00:00,13.4,12.15,11.4,13.9,13.0,10.5
2014-08-03 21:00:00,13.3,11.4,11.65,13.0,13.4,11.0
2014-08-02 21:00:00,12.8,11.65,-1.5499999999999998,13.4,13.3,10.0
2014-08-01 21:00:00,13.4,-1.5499999999999998,-1.3499999999999996,13.3,12.8,9.9
2014-07-31 21:00:00,-13.1,-1.3499999999999996,11.75,12.8,13.4,10.0
2014-07-30 21:00:00,-12.7,11.75,10.05,13.4,-13.1,10.0
2014-07-29 21:00:00,12.9,10.05,10.15,-13.1,-12.7,10.6
2014-07-28 21:00:00,10.9,10.15,10.7,-12.7,12.9,9.2
2014-07-27 21:00:00,10.5,10.7,11.75,12.9,10.9,9.8
2014-07-26 21:00:00,10.8,11.75,11.4,10.9,10.5,10.6
2014-07-25 21:00:00,11.3,11.4,10.95,10.5,10.8,12.2
2014-07-24 21:00:00,12.5,10.95,-1.2000000000000002,10.8,11.3,10.3
2014-07-23 21:00:00,12.0,-1.2000000000000002,10.15,11.3,12.5,9.9
2014-07-22 21:00:00,-12.4,10.15,11.35,12.5,12.0,10.0
2014-07-21 21:00:00,11.0,11.35,10.95,12.0,-12.4,9.3
2014-07-20 21:00:00,11.1,10.95,10.100000000000001,-12.4,11.0,11.6
2014-07-19 21:00:00,10.4,10.100000000000001,9.0,11.0,11.1,11.5
2014-07-18 21:00:00,10.3,9.0,10.3,11.1,10.4,9.9
2014-07-17 21:00:00,10.0,10.3,10.15,10.4,10.3,8.0
2014-07-16 21:00:00,10.2,10.15,9.1,10.3,10.0,10.4
2014-07-15 21:00:00,10.0,9.1,10.25,10.0,10.2,10.3
2014-07-14 21:00:00,9.2,10.25,10.100000000000001,10.2,10.0,9.0
2014-07-13 21:00:00,8.3,10.100000000000001,10.2,10.0,9.2,12.2
2014-07-12 21:00:00,9.4,10.2,9.649999999999999,9.2,8.3,10.8
2014-07-11 21:00:00,10.8,9.649999999999999,10.1,8.3,9.4,9.6
2014-07-10 21:00:00,8.7,10.1,8.7,9.4,10.8,10.6
2014-07-09 21:00:00,9.7,8.7,8.8,10.8,8.7,10.5
2014-07-08 21:00:00,10.0,8.8,9.35,8.7,9.7,7.4
2014-07-07 21:00:00,8.4,9.35,9.75,9.7,10.0,9.2
2014-07-06 21:00:00,10.1,9.75,9.7,10.0,8.4,8.6
2014-07-05 21:00:00,9.9,9.7,9.75,8.4,10.1,9.6
2014-07-04 21:00:00,10.5,9.75,9.85,10.1,9.9,8.9
2014-07-03 21:00:00,10.0,9.85,10.65,9.9,10.5,9.5
2014-07-02 21:00:00,9.1,10.65,12.05,10.5,10.0,10.6
2014-07-01 21:00:00,8.3,12.05,8.5,10.0,9.1,13.0
2014-06-30 21:00:00,10.9,8.5,8.3,9.1,8.3,13.2
2014-06-29 21:00:00,8.3,8.3,9.35,8.3,10.9,8.7
2014-06-28 21:00:00,10.0,9.35,8.25,10.9,8.3,6.6
2014-06-27 21:00:00,10.0,8.25,8.25,8.3,10.0,8.7
2014-06-26 21:00:00,7.9,8.25,7.699999999999999,10.0,10.0,8.6
2014-06-25 21:00:00,8.9,7.699999999999999,8.05,10.0,7.9,7.6
2014-06-24 21:00:00,5.8,8.05,7.95,7.9,8.9,9.6
2014-06-23 21:00:00,6.1,7.95,7.4,8.9,5.8,10.0
2014-06-22 21:00:00,9.0,7.4,6.85,5.8,6.1,6.9
2014-06-21 21:00:00,6.4,6.85,7.3,6.1,9.0,8.4
2014-06-20 21:00:00,5.2,7.3,7.0,9.0,6.4,8.5
2014-06-19 21:00:00,6.4,7.0,7.300000000000001,6.4,5.2,8.2
2014-06-18 21:00:00,6.0,7.300000000000001,7.1,5.2,6.4,8.0
2014-06-17 21:00:00,7.2,7.1,8.0,6.4,6.0,7.4
2014-06-16 21:00:00,5.5,8.0,7.8,6.0,7.2,8.7
2014-06-15 21:00:00,6.2,7.8,5.550000000000001,7.2,5.5,9.8
2014-06-14 21:00:00,7.6,5.550000000000001,7.2,5.5,6.2,8.0
2014-06-13 21:00:00,7.9,7.2,6.949999999999999,6.2,7.6,3.2
2014-06-12 21:00:00,6.4,6.949999999999999,4.0,7.6,7.9,8.0
2014-06-11 21:00:00,5.2,4.0,6.3,7.9,6.4,8.7
2014-06-10 21:00:00,2.0,6.3,2.25,6.4,5.2,6.0
2014-06-09 21:00:00,1.6,2.25,2.7,5.2,2.0,11.0
2014-06-08 21:00:00,0.3,2.7,3.0999999999999996,2.0,1.6,4.2
2014-06-07 21:00:00,0.5,3.0999999999999996,0.7,1.6,0.3,4.9
2014-06-06 21:00:00,1.4,0.7,1.6,0.3,0.5,4.8
2014-06-05 21:00:00,0.4,1.6,2.45,0.5,1.4,1.0
2014-06-04 21:00:00,0.5,2.45,3.45,1.4,0.4,2.7
2014-06-03 21:00:00,0.9,3.45,2.3,0.4,0.5,4.0
2014-06-02 21:00:00,1.6,2.3,3.0,0.5,0.9,5.3
2014-06-01 21:00:00,1.1,3.0,4.4,0.9,1.6,3.5
2014-05-31 21:00:00,1.4,4.4,3.2,1.6,1.1,4.6
2014-05-30 21:00:00,4.5,3.2,2.45,1.1,1.4,4.3
2014-05-29 21:00:00,2.6,2.45,1.8499999999999999,1.4,4.5,3.8
2014-05-28 21:00:00,1.5,1.8499999999999999,1.2999999999999998,4.5,2.6,3.4
2014-05-27 21:00:00,-0.2,1.2999999999999998,2.55,2.6,1.5,3.9
2014-05-26 21:00:00,-1.3,2.55,2.8499999999999996,1.5,-0.2,3.9
2014-05-25 21:00:00,0.5,2.8499999999999996,1.3,-0.2,-1.3,4.6
2014-05-24 21:00:00,1.4,1.3,1.75,-1.3,0.5,4.3
2014-05-23 21:00:00,-0.9,1.75,0.3,0.5,1.4,3.5
2014-05-22 21:00:00,0.0,0.3,-0.55,1.4,-0.9,3.5
2014-05-21 21:00:00,0.7,-0.55,0.44999999999999996,-0.9,0.0,-0.1
2014-05-20 21:00:00,-0.7,0.44999999999999996,1.3,0.0,0.7,-0.4
2014-05-19 21:00:00,0.3,1.3,0.15,0.7,-0.7,0.6
2014-05-18 21:00:00,0.4,0.15,1.45,-0.7,0.3,2.2
2014-05-17 21:00:00,0.0,1.45,1.95,0.3,0.4,0.3
2014-05-16 21:00:00,-0.2,1.95,-0.75,0.4,0.0,3.1
2014-05-15 21:00:00,0.3,-0.75,2.3499999999999996,0.0,-0.2,3.6
2014-05-14 21:00:00,-0.4,2.3499999999999996,-0.44999999999999996,-0.2,0.3,-1.1
2014-05-13 21:00:00,2.3,-0.44999999999999996,0.09999999999999998,0.3,-0.4,2.4
2014-05-12 21:00:00,-3.5,0.09999999999999998,1.0,-0.4,2.3,2.6
2014-05-11 21:00:00,-1.6,1.0,1.2,2.3,-3.5,1.8
2014-05-10 21:00:00,-1.5,1.2,-1.4500000000000002,-3.5,-1.6,3.5
2014-05-09 21:00:00,-1.0,-1.4500000000000002,-1.3,-1.6,-1.5,3.4
2014-05-08 21:00:00,-1.8,-1.3,-1.5,-1.5,-1.0,-1.1
2014-05-07 21:00:00,-2.0,-1.5,-2.3,-1.0,-1.8,-0.6
2014-05-06 21:00:00,-1.4,-2.3,-1.95,-1.8,-2.0,-1.6
2014-05-05 21:00:00,-3.3,-1.95,-2.85,-2.0,-1.4,-1.3
2014-05-04 21:00:00,-2.9,-2.85,-1.55,-1.4,-3.3,-1.0
2014-05-03 21:00:00,-2.7,-1.55,-3.0,-3.3,-2.9,-3.0
2014-05-02 21:00:00,-2.6,-3.0,-2.25,-2.9,-2.7,-0.5
2014-05-01 21:00:00,-5.0,-2.25,-0.19999999999999996,-2.7,-2.6,-1.0
2014-04-30 21:00:00,-3.9,-0.19999999999999996,-2.4000000000000004,-2.6,-5.0,-0.6
2014-04-29 21:00:00,-1.4,-2.4000000000000004,-1.4,-5.0,-3.9,1.0
2014-04-28 21:00:00,-1.6,-1.4,-2.3000000000000003,-3.9,-1.4,-3.2
2014-04-27 21:00:00,-0.5,-2.3000000000000003,-2.05,-1.4,-1.6,-2.3
2014-04-26 21:00:00,-0.2,-2.05,-2.8,-1.6,-0.5,-4.4
2014-04-25 21:00:00,-2.7,-2.8,-8.95,-0.5,-0.2,-1.4
2014-04-24 21:00:00,-3.3,-8.95,-3.45,-0.2,-2.7,-2.3
2014-04-23 21:00:00,-6.2,-3.45,-3.05,-2.7,-3.3,-11.7
2014-04-22 21:00:00,-3.9,-3.05,-3.75,-3.3,-6.2,-3.0
2014-04-21 21:00:00,-2.7,-3.75,-5.4,-6.2,-3.9,-3.4
2014-04-20 21:00:00,-2.1,-5.4,-3.2,-3.9,-2.7,-5.4
2014-04-19 21:00:00,-6.0,-3.2,-5.949999999999999,-2.7,-2.1,-4.8
2014-04-18 21:00:00,-5.5,-5.949999999999999,-1.85,-2.1,-6.0,-0.9
2014-04-17 21:00:00,-4.3,-1.85,-1.6,-6.0,-5.5,-7.6
2014-04-16 21:00:00,-1.0,-1.6,-3.0999999999999996,-5.5,-4.3,-2.7
2014-04-15 21:00:00,0.5,-3.0999999999999996,-3.4,-4.3,-1.0,-3.7
2014-04-14 21:00:00,-1.9,-3.4,-7.7,-1.0,0.5,-4.3
2014-04-13 21:00:00,-3.3,-7.7,-7.95,0.5,-1.9,-3.5
2014-04-12 21:00:00,-9.3,-7.95,-12.0,-1.9,-3.3,-6.1
2014-04-11 21:00:00,-7.1,-12.0,-8.5,-3.3,-9.3,-8.8
2014-04-10 21:00:00,-11.7,-8.5,-5.4,-9.3,-7.1,-12.3
2014-04-09 21:00:00,-5.8,-5.4,-10.5,-7.1,-11.7,-11.2
2014-04-08 21:00:00,-5.0,-10.5,-13.649999999999999,-11.7,-5.8,-5.8
2014-04-07 21:00:00,-8.4,-13.649999999999999,-11.25,-5.8,-5.0,-12.6
2014-04-06 21:00:00,-13.7,-11.25,-11.25,-5.0,-8.4,-13.6
2014-04-05 21:00:00,-8.7,-11.25,-16.25,-8.4,-13.7,-13.8
2014-04-04 21:00:00,-8.4,-16.25,-13.45,-13.7,-8.7,-14.1
2014-04-03 21:00:00,-19.4,-13.45,-13.55,-8.7,-8.4,-13.1
2014-04-02 21:00:00,-12.2,-13.55,-15.8,-8.4,-19.4,-14.7
2014-04-01 21:00:00,-12.4,-15.8,-18.15,-19.4,-12.2,-14.7
2014-03-31 21:00:00,-17.3,-18.15,-17.6,-12.2,-12.4,-14.3
2014-03-30 21:00:00,-20.3,-17.6,-18.3,-12.4,-17.3,-16.0
2014-03-29 21:00:00,-19.2,-18.3,-14.100000000000001,-17.3,-20.3,-16.0
2014-03-27 21:00:00,-14.4,-13.3,-10.3,-19.2,-18.3,-13.8
2014-03-26 21:00:00,-12.1,-10.3,-10.95,-18.3,-14.4,-14.5
2014-03-25 21:00:00,-6.0,-10.95,-8.5,-14.4,-12.1,-14.6
2014-03-24 21:00:00,-10.6,-8.5,-13.35,-12.1,-6.0,-11.3
2014-03-23 21:00:00,-7.0,-13.35,-9.8,-6.0,-10.6,-10.0
2014-03-22 21:00:00,-12.0,-9.8,-10.75,-10.6,-7.0,-14.7
2014-03-21 21:00:00,-4.0,-10.75,-13.25,-7.0,-12.0,-15.6
2014-03-20 21:00:00,-3.9,-13.25,-16.25,-12.0,-4.0,-17.6
2014-03-19 21:00:00,-7.9,-16.25,-17.95,-4.0,-3.9,-18.6
2014-03-18 21:00:00,-17.8,-17.95,-17.6,-3.9,-7.9,-14.7
2014-03-17 21:00:00,-21.4,-17.6,-16.75,-7.9,-17.8,-14.5
2014-03-16 21:00:00,-16.5,-16.75,-18.4,-17.8,-21.4,-18.7
2014-03-15 21:00:00,-13.1,-18.4,-18.5,-21.4,-16.5,-20.4
2014-03-14 21:00:00,-15.4,-18.5,-18.3,-16.5,-13.1,-21.4
2014-03-13 21:00:00,-16.3,-18.3,-16.6,-13.1,-15.4,-20.7
2014-03-12 21:00:00,-15.0,-16.6,-19.549999999999997,-15.4,-16.3,-21.6
2014-03-11 21:00:00,-12.3,-19.549999999999997,-21.45,-16.3,-15.0,-20.9
2014-03-10 21:00:00,-19.4,-21.45,-20.85,-15.0,-12.3,-19.7
2014-03-09 21:00:00,-25.5,-20.85,-17.95,-12.3,-19.4,-17.4
2014-03-08 21:00:00,-26.1,-17.95,-16.95,-19.4,-25.5,-15.6
2014-03-07 21:00:00,-26.9,-16.95,-18.6,-25.5,-26.1,-9.0
2014-03-06 21:00:00,-26.2,-18.6,-20.95,-26.1,-26.9,-7.7
2014-03-05 21:00:00,-25.8,-20.95,-20.35,-26.9,-26.2,-11.4
2014-03-04 21:00:00,-26.2,-20.35,-20.3,-26.2,-25.8,-15.7
2014-03-03 21:00:00,-27.2,-20.3,-21.700000000000003,-25.8,-26.2,-13.5
2014-03-02 21:00:00,-27.7,-21.700000000000003,-24.85,-26.2,-27.2,-12.9
2014-03-01 21:00:00,-26.8,-24.85,-25.950000000000003,-27.2,-27.7,-16.6
2014-02-28 21:00:00,-26.8,-25.950000000000003,-28.0,-27.7,-26.8,-22.9
2014-02-27 21:00:00,-28.3,-28.0,-25.6,-26.8,-26.8,-23.6
2014-02-26 21:00:00,-28.8,-25.6,-22.4,-26.8,-28.3,-27.2
2014-02-25 21:00:00,-28.8,-22.4,-20.8,-28.3,-28.8,-22.4
2014-02-24 21:00:00,-24.8,-20.8,-20.25,-28.8,-28.8,-20.0
2014-02-23 21:00:00,-22.0,-20.25,-19.6,-28.8,-24.8,-19.6
2014-02-22 21:00:00,-20.0,-19.6,-19.9,-24.8,-22.0,-20.5
2014-02-21 21:00:00,-17.8,-19.9,-18.9,-22.0,-20.0,-21.4
2014-02-20 21:00:00,-17.1,-18.9,-18.1,-20.0,-17.8,-22.7
2014-02-19 21:00:00,-18.0,-18.1,-20.200000000000003,-17.8,-17.1,-19.8
2014-02-18 21:00:00,-20.5,-20.200000000000003,-24.95,-17.1,-18.0,-15.7
2014-02-17 21:00:00,-22.3,-24.95,-19.55,-18.0,-20.5,-18.1
2014-02-16 21:00:00,-23.0,-19.55,-20.3,-20.5,-22.3,-26.9
2014-02-15 21:00:00,-24.0,-20.3,-18.3,-22.3,-23.0,-15.1
2014-02-14 21:00:00,-26.7,-18.3,-17.95,-23.0,-24.0,-13.9
2014-02-13 21:00:00,-29.4,-17.95,-15.55,-24.0,-26.7,-7.2
2014-02-12 21:00:00,-30.9,-15.55,-17.4,-26.7,-29.4,-5.0
2014-02-11 21:00:00,-27.5,-17.4,-20.75,-29.4,-30.9,-3.6
2014-02-10 21:00:00,-27.3,-20.75,-15.700000000000001,-30.9,-27.5,-7.5
2014-02-09 21:00:00,-27.5,-15.700000000000001,-16.4,-27.5,-27.3,-14.0
2014-02-08 21:00:00,-27.6,-16.4,-14.3,-27.3,-27.5,-3.8
2014-02-07 21:00:00,-26.0,-14.3,-21.35,-27.5,-27.6,-6.8
2014-02-06 21:00:00,-24.2,-21.35,-16.95,-27.6,-26.0,-4.4
2014-02-05 21:00:00,-20.3,-16.95,-18.75,-26.0,-24.2,-22.4
2014-02-04 21:00:00,-13.9,-18.75,-22.15,-24.2,-20.3,-20.0
2014-02-03 21:00:00,-9.4,-22.15,-24.85,-20.3,-13.9,-28.1
2014-02-02 21:00:00,-15.1,-24.85,-26.45,-13.9,-9.4,-29.2
2014-02-01 21:00:00,-19.8,-26.45,-26.5,-9.4,-15.1,-29.9
2014-01-31 21:00:00,-18.6,-26.5,-22.9,-15.1,-19.8,-34.3
2014-01-30 21:00:00,-20.0,-22.9,-23.75,-19.8,-18.6,-33.0
2014-01-29 21:00:00,-17.1,-23.75,-22.4,-18.6,-20.0,-28.7
2014-01-28 21:00:00,-18.3,-22.4,-22.35,-20.0,-17.1,-29.2
2014-01-27 21:00:00,-17.5,-22.35,-24.6,-17.1,-18.3,-27.3
2014-01-26 21:00:00,-18.8,-24.6,-20.4,-18.3,-17.5,-25.9
2014-01-25 21:00:00,-21.1,-20.4,-26.85,-17.5,-18.8,-28.1
2014-01-23 21:00:00,-23.4,-28.3,-25.4,-21.1,-20.4,-30.3
2014-01-22 21:00:00,-26.0,-25.4,-25.0,-20.4,-23.4,-30.6
2014-01-21 21:00:00,-22.2,-25.0,-22.450000000000003,-23.4,-26.0,-28.6
2014-01-20 21:00:00,-22.4,-22.450000000000003,-19.9,-26.0,-22.2,-27.6
2014-01-19 21:00:00,-18.6,-19.9,-21.8,-22.2,-22.4,-26.3
2014-01-18 21:00:00,-14.0,-21.8,-24.1,-22.4,-18.6,-25.8
2014-01-17 21:00:00,-16.8,-24.1,-25.75,-18.6,-14.0,-26.8
2014-01-16 21:00:00,-24.4,-25.75,-25.5,-14.0,-16.8,-23.8
2014-01-15 21:00:00,-27.4,-25.5,-24.8,-16.8,-24.4,-24.1
2014-01-14 21:00:00,-27.1,-24.8,-24.5,-24.4,-27.4,-23.9
2014-01-13 21:00:00,-24.1,-24.5,-22.9,-27.4,-27.1,-25.5
2014-01-12 21:00:00,-20.9,-22.9,-20.75,-27.1,-24.1,-28.1
2014-01-11 21:00:00,-21.6,-20.75,-22.3,-24.1,-20.9,-24.2
2014-01-10 21:00:00,-23.4,-22.3,-22.15,-20.9,-21.6,-18.1
2014-01-09 21:00:00,-25.1,-22.15,-21.15,-21.6,-23.4,-19.5
2014-01-08 21:00:00,-23.6,-21.15,-21.45,-23.4,-25.1,-20.7
2014-01-07 21:00:00,-25.9,-21.45,-24.3,-25.1,-23.6,-16.4
2014-01-06 21:00:00,-24.2,-24.3,-23.6,-23.6,-25.9,-18.7
2014-01-05 21:00:00,-25.6,-23.6,-23.450000000000003,-25.9,-24.2,-23.0
2014-01-04 21:00:00,-24.6,-23.450000000000003,-21.75,-24.2,-25.6,-22.6
2014-01-03 21:00:00,-24.6,-21.75,-16.549999999999997,-25.6,-24.6,-22.3
2014-01-02 21:00:00,,,,,,-17.8
2014-01-01 21:00:00,,,,,,-8.7
2013-11-27 21:00:00,,-15.5,-20.4,,,-3.5
2013-11-26 21:00:00,,-20.4,-17.7,,,-15.5
2013-11-25 21:00:00,,-17.7,-12.9,,,-20.4
2013-11-24 21:00:00,,-12.9,-10.0,,,-17.7
2013-11-23 21:00:00,,-10.0,-11.7,,,-12.9
2013-11-22 21:00:00,,-11.7,-12.7,,,-10.0
2013-11-21 21:00:00,,-12.7,-8.6,,,-11.7
2013-11-20 21:00:00,,-8.6,-2.8,,,-12.7
2013-11-19 21:00:00,,-2.8,-1.5,,,-8.6
2013-11-18 21:00:00,,-1.5,-4.6,,,-2.8
2013-11-17 21:00:00,,-4.6,-13.2,,,-1.5
2013-11-16 21:00:00,,-13.2,-18.7,,,-4.6
2013-11-15 21:00:00,,-18.7,-14.0,,,-13.2
2013-11-14 21:00:00,,-14.0,-12.1,,,-18.7
2013-11-13 21:00:00,,-12.1,-14.3,,,-14.0
2013-11-12 21:00:00,,-14.3,-18.8,,,-12.1
2013-11-11 21:00:00,,-18.8,-18.2,,,-14.3
2013-11-10 21:00:00,,-18.2,-17.4,,,-18.8
2013-11-09 21:00:00,,-17.4,-21.6,,,-18.2
2013-11-08 21:00:00,,-21.6,-22.9,,,-17.4
2013-11-07 21:00:00,,-22.9,-18.8,,,-21.6
2013-11-06 21:00:00,,-18.8,-10.5,,,-22.9
2013-11-05 21:00:00,,-10.5,-15.1,,,-18.8
2013-11-04 21:00:00,,-15.1,-12.4,,,-10.5
2013-11-03 21:00:00,,-12.4,-14.4,,,-15.1
2013-11-02 21:00:00,,-14.4,-15.1,,,-12.4
2013-11-01 21:00:00,,-15.1,-8.7,,,-14.4
2013-10-31 21:00:00,,-8.7,-11.6,,,-15.1
2013-10-30 21:00:00,,-11.6,-8.9,,,-8.7
2013-10-29 21:00:00,,-8.9,-12.7,,,-11.6
2013-10-28 21:00:00,,-12.7,-12.1,,,-8.9
2013-10-27 21:00:00,,-12.1,-12.0,,,-12.7
2013-10-26 21:00:00,,-12.0,-11.9,,,-12.1
2013-10-25 21:00:00,,-11.9,-9.7,,,-12.0
2013-10-24 21:00:00,,-9.7,-6.7,,,-11.9
2013-10-23 21:00:00,,-6.7,-4.1,,,-9.7
2013-10-22 21:00:00,,-4.1,-9.1,,,-6.7
2013-10-21 21:00:00,,-9.1,-3.9,,,-4.1
2013-10-20 21:00:00,,-3.9,-8.1,,,-9.1
2013-10-19 21:00:00,,-8.1,-6.0,,,-3.9
2013-10-18 21:00:00,,-6.0,-10.7,,,-8.1
2013-10-17 21:00:00,,-10.7,-10.4,,,-6.0
2013-10-16 21:00:00,,-10.4,-10.8,,,-10.7
2013-10-15 21:00:00,,-10.8,-7.7,,,-10.4
2013-10-14 21:00:00,,-7.7,-8.4,,,-10.8
2013-10-13 21:00:00,,-8.4,-9.0,,,-7.7
2013-10-12 21:00:00,,-9.0,-7.1,,,-8.4
2013-10-11 21:00:00,,-7.1,-2.7,,,-9.0
2013-10-10 21:00:00,,-2.7,-5.4,,,-7.1
2013-10-09 21:00:00,,-5.4,-9.2,,,-2.7
2013-10-08 21:00:00,,-9.2,-5.6,,,-5.4
2013-10-07 21:00:00,,-5.6,-3.1,,,-9.2
2013-10-06 21:00:00,,-3.1,-1.7,,,-5.6
2013-10-05 21:00:00,,-1.7,-0.3,,,-3.1
2013-10-04 21:00:00,,-0.3,0.5,,,-1.7
2013-10-03 21:00:00,,0.5,-2.1,,,-0.3
2013-10-02 21:00:00,,-2.1,-2.4,,,0.5
2013-10-01 21:00:00,,-2.4,0.5,,,-2.1
2013-09-30 21:00:00,,0.5,2.1,,,-2.4
2013-09-29 21:00:00,,2.1,4.9,,,0.5
2013-09-28 21:00:00,,4.9,-1.9,,,2.1
2013-09-27 21:00:00,,-1.9,0.0,,,4.9
2013-09-26 21:00:00,,0.0,3.4,,,-1.9
2013-09-25 21:00:00,,3.4,3.2,,,0.0
2013-09-24 21:00:00,,3.2,-1.3,,,3.4
2013-09-23 21:00:00,,-1.3,-0.5,,,3.2
2013-09-22 21:00:00,,-0.5,1.0,,,-1.3
2013-09-21 21:00:00,,1.0,-0.2,,,-0.5
2013-09-20 21:00:00,,-0.2,1.3,,,1.0
2013-09-19 21:00:00,,1.3,3.1,,,-0.2
2013-09-18 21:00:00,,3.1,4.1,,,1.3
2013-09-17 21:00:00,,4.1,6.3,,,3.1
2013-09-16 21:00:00,,6.3,6.9,,,4.1
2013-09-15 21:00:00,,6.9,1.9,,,6.3
2013-09-14 21:00:00,,1.9,3.7,,,6.9
2013-09-13 21:00:00,,3.7,11.4,,,1.9
2013-09-12 21:00:00,,11.4,10.9,,,3.7
2013-09-11 21:00:00,,10.9,3.7,,,11.4
2013-09-10 21:00:00,,3.7,4.7,,,10.9
2013-09-09 21:00:00,,4.7,6.1,,,3.7
2013-09-08 21:00:00,,6.1,4.9,,,4.7
2013-09-07 21:00:00,,4.9,6.0,,,6.1
2013-09-06 21:00:00,,6.0,7.2,,,4.9
2013-09-05 21:00:00,,7.2,8.2,,,6.0
2013-09-04 21:00:00,,8.2,12.7,,,7.2
2013-09-03 21:00:00,,12.7,10.4,,,8.2
2013-09-02 21:00:00,,10.4,7.7,,,12.7
2013-09-01 21:00:00,,7.7,7.0,,,10.4
2013-08-31 21:00:00,,7.0,6.7,,,7.7
2013-08-30 21:00:00,,6.7,4.7,,,7.0
2013-08-29 21:00:00,,4.7,5.2,,,6.7
2013-08-28 21:00:00,,5.2,10.4,,,4.7
2013-08-27 21:00:00,,10.4,8.4,,,5.2
2013-08-26 21:00:00,,8.4,5.0,,,10.4
2013-08-25 21:00:00,,5.0,7.4,,,8.4
2013-08-24 21:00:00,,7.4,4.8,,,5.0
2013-08-23 21:00:00,,4.8,8.9,,,7.4
2013-08-22 21:00:00,,8.9,9.5,,,4.8
2013-08-21 21:00:00,,9.5,9.3,,,8.9
2013-08-20 21:00:00,,9.3,12.4,,,9.5
2013-08-19 21:00:00,,12.4,13.2,,,9.3
2013-08-18 21:00:00,,13.2,13.5,,,12.4
2013-08-17 21:00:00,,13.5,14.3,,,13.2
2013-08-16 21:00:00,,14.3,13.4,,,13.5
2013-08-15 21:00:00,,13.4,14.5,,,14.3
2013-08-14 21:00:00,,14.5,13.9,,,13.4
2013-08-13 21:00:00,,13.9,13.4,,,14.5
2013-08-12 21:00:00,,13.4,9.3,,,13.9
2013-08-11 21:00:00,,9.3,8.8,,,13.4
2013-08-10 21:00:00,,8.8,9.3,,,9.3
2013-08-09 21:00:00,,9.3,9.5,,,8.8
2013-08-08 21:00:00,,9.5,13.9,,,9.3
2013-08-07 21:00:00,,13.9,13.0,,,9.5
2013-08-06 21:00:00,,13.0,13.4,,,13.9
2013-08-05 21:00:00,,13.4,13.3,,,13.0
2013-08-04 21:00:00,,13.3,12.8,,,13.4
2013-08-03 21:00:00,,12.8,13.4,,,13.3
2013-08-02 21:00:00,,13.4,-13.1,,,12.8
2013-08-01 21:00:00,,-13.1,-12.7,,,13.4
2013-07-31 21:00:00,,-12.7,12.9,,,-13.1
2013-07-30 21:00:00,,12.9,10.9,,,-12.7
2013-07-29 21:00:00,,10.9,10.5,,,12.9
2013-07-28 21:00:00,,10.5,10.8,,,10.9
2013-07-27 21:00:00,,10.8,11.3,,,10.5
2013-07-26 21:00:00,,11.3,12.5,,,10.8
2013-07-25 21:00:00,,12.5,12.0,,,11.3
2013-07-24 21:00:00,,12.0,-12.4,,,12.5
2013-07-23 21:00:00,,-12.4,11.0,,,12.0
2013-07-22 21:00:00,,11.0,11.1,,,-12.4
2013-07-21 21:00:00,,11.1,10.4,,,11.0
2013-07-20 21:00:00,,10.4,10.3,,,11.1
2013-07-19 21:00:00,,10.3,10.0,,,10.4
2013-07-18 21:00:00,,10.0,10.2,,,10.3
2013-07-17 21:00:00,,10.2,10.0,,,10.0
2013-07-16 21:00:00,,10.0,9.2,,,10.2
2013-07-15 21:00:00,,9.2,8.3,,,10.0
2013-07-14 21:00:00,,8.3,9.4,,,9.2
2013-07-13 21:00:00,,9.4,10.8,,,8.3
2013-07-12 21:00:00,,10.8,8.7,,,9.4
2013-07-11 21:00:00,,8.7,9.7,,,10.8
2013-07-10 21:00:00,,9.7,10.0,,,8.7
2013-07-09 21:00:00,,10.0,8.4,,,9.7
2013-07-08 21:00:00,,8.4,10.1,,,10.0
2013-07-07 21:00:00,,10.1,9.9,,,8.4
2013-07-06 21:00:00,,9.9,10.5,,,10.1
2013-07-05 21:00:00,,10.5,10.0,,,9.9
2013-07-04 21:00:00,,10.0,9.1,,,10.5
2013-07-03 21:00:00,,9.1,8.3,,,10.0
2013-07-02 21:00:00,,8.3,10.9,,,9.1
2013-07-01 21:00:00,,10.9,8.3,,,8.3
2013-06-30 21:00:00,,8.3,10.0,,,10.9
2013-06-29 21:00:00,,10.0,10.0,,,8.3
2013-06-28 21:00:00,,10.0,7.9,,,10.0
2013-06-27 21:00:00,,7.9,8.9,,,10.0
2013-06-26 21:00:00,,8.9,5.8,,,7.9
2013-06-25 21:00:00,,5.8,6.1,,,8.9
2013-06-24 21:00:00,,6.1,9.0,,,5.8
2013-06-23 21:00:00,,9.0,6.4,,,6.1
2013-06-22 21:00:00,,6.4,5.2,,,9.0
2013-06-21 21:00:00,,5.2,6.4,,,6.4
2013-06-20 21:00:00,,6.4,6.0,,,5.2
2013-06-19 21:00:00,,6.0,7.2,,,6.4
2013-06-18 21:00:00,,7.2,5.5,,,6.0
2013-06-17 21:00:00,,5.5,6.2,,,7.2
2013-06-16 21:00:00,,6.2,7.6,,,5.5
2013-06-15 21:00:00,,7.6,7.9,,,6.2
2013-06-14 21:00:00,,7.9,6.4,,,7.6
2013-06-13 21:00:00,,6.4,5.2,,,7.9
2013-06-12 21:00:00,,5.2,2.0,,,6.4
2013-06-11 21:00:00,,2.0,1.6,,,5.2
2013-06-10 21:00:00,,1.6,0.3,,,2.0
2013-06-09 21:00:00,,0.3,0.5,,,1.6
2013-06-08 21:00:00,,0.5,1.4,,,0.3
2013-06-07 21:00:00,,1.4,0.4,,,0.5
2013-06-06 21:00:00,,0.4,0.5,,,1.4
2013-06-05 21:00:00,,0.5,0.9,,,0.4
2013-06-04 21:00:00,,0.9,1.6,,,0.5
2013-06-03 21:00:00,,1.6,1.1,,,0.9
2013-06-02 21:00:00,,1.1,1.4,,,1.6
2013-06-01 21:00:00,,1.4,4.5,,,1.1
2013-05-31 21:00:00,,4.5,2.6,,,1.4
2013-05-30 21:00:00,,2.6,1.5,,,4.5
2013-05-29 21:00:00,,1.5,-0.2,,,2.6
2013-05-28 21:00:00,,-0.2,-1.3,,,1.5
2013-05-27 21:00:00,,-1.3,0.5,,,-0.2
2013-05-26 21:00:00,,0.5,1.4,,,-1.3
2013-05-25 21:00:00,,1.4,-0.9,,,0.5
2013-05-24 21:00:00,,-0.9,0.0,,,1.4
2013-05-23 21:00:00,,0.0,0.7,,,-0.9
2013-05-22 21:00:00,,0.7,-0.7,,,0.0
2013-05-21 21:00:00,,-0.7,0.3,,,0.7
2013-05-20 21:00:00,,0.3,0.4,,,-0.7
2013-05-19 21:00:00,,0.4,0.0,,,0.3
2013-05-18 21:00:00,,0.0,-0.2,,,0.4
2013-05-17 21:00:00,,-0.2,0.3,,,0.0
2013-05-16 21:00:00,,0.3,-0.4,,,-0.2
2013-05-15 21:00:00,,-0.4,2.3,,,0.3
2013-05-14 21:00:00,,2.3,-3.5,,,-0.4
2013-05-13 21:00:00,,-3.5,-1.6,,,2.3
2013-05-12 21:00:00,,-1.6,-1.5,,,-3.5
2013-05-11 21:00:00,,-1.5,-1.0,,,-1.6
2013-05-10 21:00:00,,-1.0,-1.8,,,-1.5
2013-05-09 21:00:00,,-1.8,-2.0,,,-1.0
2013-05-08 21:00:00,,-2.0,-1.4,,,-1.8
2013-05-07 21:00:00,,-1.4,-3.3,,,-2.0
2013-05-06 21:00:00,,-3.3,-2.9,,,-1.4
2013-05-05 21:00:00,,-2.9,-2.7,,,-3.3
2013-05-04 21:00:00,,-2.7,-2.6,,,-2.9
2013-05-03 21:00:00,,-2.6,-5.0,,,-2.7
2013-05-02 21:00:00,,-5.0,-3.9,,,-2.6
2013-05-01 21:00:00,,-3.9,-1.4,,,-5.0
2013-04-30 21:00:00,,-1.4,-1.6,,,-3.9
2013-04-29 21:00:00,,-1.6,-0.5,,,-1.4
2013-04-28 21:00:00,,-0.5,-0.2,,,-1.6
2013-04-27 21:00:00,,-0.2,-2.7,,,-0.5
2013-04-26 21:00:00,,-2.7,-3.3,,,-0.2
2013-04-25 21:00:00,,-3.3,-6.2,,,-2.7
2013-04-24 21:00:00,,-6.2,-3.9,,,-3.3
2013-04-23 21:00:00,,-3.9,-2.7,,,-6.2
2013-04-22 21:00:00,,-2.7,-2.1,,,-3.9
2013-04-21 21:00:00,,-2.1,-6.0,,,-2.7
2013-04-20 21:00:00,,-6.0,-5.5,,,-2.1
2013-04-19 21:00:00,,-5.5,-4.3,,,-6.0
2013-04-18 21:00:00,,-4.3,-1.0,,,-5.5
2013-04-17 21:00:00,,-1.0,0.5,,,-4.3
2013-04-16 21:00:00,,0.5,-1.9,,,-1.0
2013-04-15 21:00:00,,-1.9,-3.3,,,0.5
2013-04-14 21:00:00,,-3.3,-9.3,,,-1.9
2013-04-13 21:00:00,,-9.3,-7.1,,,-3.3
2013-04-12 21:00:00,,-7.1,-11.7,,,-9.3
2013-04-11 21:00:00,,-11.7,-5.8,,,-7.1
2013-04-10 21:00:00,,-5.8,-5.0,,,-11.7
2013-04-09 21:00:00,,-5.0,-8.4,,,-5.8
2013-04-08 21:00:00,,-8.4,-13.7,,,-5.0
2013-04-07 21:00:00,,-13.7,-8.7,,,-8.4
2013-04-06 21:00:00,,-8.7,-8.4,,,-13.7
2013-04-05 21:00:00,,-8.4,-19.4,,,-8.7
2013-04-04 21:00:00,,-19.4,-12.2,,,-8.4
2013-04-03 21:00:00,,-12.2,-12.4,,,-19.4
2013-04-02 21:00:00,,-12.4,-17.3,,,-12.2
2013-04-01 21:00:00,,-17.3,-20.3,,,-12.4
2013-03-31 21:00:00,,-20.3,-19.2,,,-17.3
2013-03-30 21:00:00,,-19.2,-18.3,,,-20.3
2013-03-29 21:00:00,,-18.3,-14.4,,,-19.2
2013-03-28 21:00:00,,-14.4,-12.1,,,-18.3
2013-03-27 21:00:00,,-12.1,-6.0,,,-14.4
2013-03-26 21:00:00,,-6.0,-10.6,,,-12.1
2013-03-25 21:00:00,,-10.6,-7.0,,,-6.0
2013-03-24 21:00:00,,-7.0,-12.0,,,-10.6
2013-03-23 21:00:00,,-12.0,-4.0,,,-7.0
2013-03-22 21:00:00,,-4.0,-3.9,,,-12.0
2013-03-21 21:00:00,,-3.9,-7.9,,,-4.0
2013-03-20 21:00:00,,-7.9,-17.8,,,-3.9
2013-03-19 21:00:00,,-17.8,-21.4,,,-7.9
2013-03-18 21:00:00,,-21.4,-16.5,,,-17.8
2013-03-17 21:00:00,,-16.5,-13.1,,,-21.4
2013-03-16 21:00:00,,-13.1,-15.4,,,-16.5
2013-03-15 21:00:00,,-15.4,-16.3,,,-13.1
2013-03-14 21:00:00,,-16.3,-15.0,,,-15.4
2013-03-13 21:00:00,,-15.0,-12.3,,,-16.3
2013-03-12 21:00:00,,-12.3,-19.4,,,-15.0
2013-03-11 21:00:00,,-19.4,-25.5,,,-12.3
2013-03-10 21:00:00,,-25.5,-26.1,,,-19.4
2013-03-09 21:00:00,,-26.1,-26.9,,,-25.5
2013-03-08 21:00:00,,-26.9,-26.2,,,-26.1
2013-03-07 21:00:00,,-26.2,-25.8,,,-26.9
2013-03-06 21:00:00,,-25.8,-26.2,,,-26.2
2013-03-05 21:00:00,,-26.2,-27.2,,,-25.8
2013-03-04 21:00:00,,-27.2,-27.7,,,-26.2
2013-03-03 21:00:00,,-27.7,-26.8,,,-27.2
2013-03-02 21:00:00,,-26.8,-26.8,,,-27.7
2013-03-01 21:00:00,,-26.8,-28.3,,,-26.8
2013-02-28 21:00:00,,-28.3,-28.8,,,-26.8
2013-02-27 21:00:00,,-28.8,-28.8,,,-28.3
2013-02-26 21:00:00,,-28.8,-24.8,,,-28.8
2013-02-25 21:00:00,,-24.8,-22.0,,,-28.8
2013-02-24 21:00:00,,-22.0,-20.0,,,-24.8
2013-02-23 21:00:00,,-20.0,-17.8,,,-22.0
2013-02-22 21:00:00,,-17.8,-17.1,,,-20.0
2013-02-21 21:00:00,,-17.1,-18.0,,,-17.8
2013-02-20 21:00:00,,-18.0,-20.5,,,-17.1
2013-02-19 21:00:00,,-20.5,-22.3,,,-18.0
2013-02-18 21:00:00,,-22.3,-23.0,,,-20.5
2013-02-17 21:00:00,,-23.0,-24.0,,,-22.3
2013-02-16 21:00:00,,-24.0,-26.7,,,-23.0
2013-02-15 21:00:00,,-26.7,-29.4,,,-24.0
2013-02-14 21:00:00,,-29.4,-30.9,,,-26.7
2013-02-13 21:00:00,,-30.9,-27.5,,,-29.4
2013-02-12 21:00:00,,-27.5,-27.3,,,-30.9
2013-02-11 21:00:00,,-27.3,-27.5,,,-27.5
2013-02-10 21:00:00,,-27.5,-27.6,,,-27.3
2013-02-09 21:00:00,,-27.6,-26.0,,,-27.5
2013-02-08 21:00:00,,-26.0,-24.2,,,-27.6
2013-02-07 21:00:00,,-24.2,-20.3,,,-26.0
2013-02-06 21:00:00,,-20.3,-13.9,,,-24.2
2013-02-05 21:00:00,,-13.9,-9.4,,,-20.3
2013-02-04 21:00:00,,-9.4,-15.1,,,-13.9
2013-02-03 21:00:00,,-15.1,-19.8,,,-9.4
2013-02-02 21:00:00,,-19.8,-18.6,,,-15.1
2013-02-01 21:00:00,,-18.6,-20.0,,,-19.8
2013-01-31 21:00:00,,-20.0,-17.1,,,-18.6
2013-01-30 21:00:00,,-17.1,-18.3,,,-20.0
2013-01-29 21:00:00,,-18.3,-17.5,,,-17.1
2013-01-28 21:00:00,,-17.5,-18.8,,,-18.3
2013-01-27 21:00:00,,-18.8,-21.1,,,-17.5
2013-01-26 21:00:00,,-21.1,-20.4,,,-18.8
2013-01-25 21:00:00,,-20.4,-23.4,,,-21.1
2013-01-24 21:00:00,,-23.4,-26.0,,,-20.4
2013-01-23 21:00:00,,-26.0,-22.2,,,-23.4
2013-01-22 21:00:00,,-22.2,-22.4,,,-26.0
2013-01-21 21:00:00,,-22.4,-18.6,,,-22.2
2013-01-20 21:00:00,,-18.6,-14.0,,,-22.4
2013-01-19 21:00:00,,-14.0,-16.8,,,-18.6
2013-01-18 21:00:00,,-16.8,-24.4,,,-14.0
2013-01-17 21:00:00,,-24.4,-27.4,,,-16.8
2013-01-16 21:00:00,,-27.4,-27.1,,,-24.4
2013-01-15 21:00:00,,-27.1,-24.1,,,-27.4
2013-01-14 21:00:00,,-24.1,-20.9,,,-27.1
2013-01-13 21:00:00,,-20.9,-21.6,,,-24.1
2013-01-12 21:00:00,,-21.6,-23.4,,,-20.9
2013-01-11 21:00:00,,-23.4,-25.1,,,-21.6
2013-01-10 21:00:00,,-25.1,-23.6,,,-23.4
2013-01-09 21:00:00,,-23.6,-25.9,,,-25.1
2013-01-08 21:00:00,,-25.9,-24.2,,,-23.6
2013-01-07 21:00:00,,-24.2,-25.6,,,-25.9
2013-01-06 21:00:00,,-25.6,-24.6,,,-24.2
2013-01-05 21:00:00,,-24.6,-24.6,,,-25.6
2013-01-04 21:00:00,,-24.6,-25.7,,,-24.6
2013-01-03 21:00:00,,-25.7,-24.4,,,-24.6
2013-01-02 21:00:00,,,,,,-25.7
2013-01-01 21:00:00,,,,,,-24.4
